City,Pincode,Gender,Age Group,COVID-19 like symptoms,COVID-19 Diagnosed
Nagpur,410067,Female,80+,86299,258
Bangalore,410054,Male,60-80,52096,1366
Pune,53000,Female,20-40,36080,586
Kolkata,400074,Female,20-40,76979,691
Kolkata,560095,Male,80+,42037,1484
Bangalore,400074,Male,40-60,11817,507
Pune,410067,Female,20-40,16641,1754
Kolkata,410054,Male,20-40,9528,1565
Kolkata,400074,Female,80+,12606,1817
Mumbai,400074,Female,40-60,2485,1264
Nagpur,53000,Female,20-40,11573,1252
Bangalore,560095,Female,80+,27134,317
Bangalore,410067,Male,40-60,43095,1779
Pune,400074,Male,60-80,55987,1391
Bangalore,410067,Female,60-80,5465,833
Mumbai,410054,Female,40-60,24799,513
Mumbai,400065,Female,80+,62380,1306
Pune,560095,Male,60-80,60598,582
Chennai,53000,Female,20-40,7733,695
Bangalore,400065,Male,60-80,89112,1692
Bangalore,560095,Male,80+,85464,1254
Mumbai,400065,Female,20-40,7730,240
Nagpur,410067,Female,20-40,37051,1158
Pune,410067,Male,40-60,28589,445
Mumbai,560095,Female,60-80,93043,745
Chennai,53000,Female,20-40,74579,1358
Bangalore,410038,Male,20-40,6014,1307
Chennai,410054,Female,20-40,47405,1533
Pune,53000,Female,60-80,2486,1141
Nagpur,410054,Female,60-80,66976,1425
Kolkata,400065,Male,60-80,94666,1537
Bangalore,410067,Male,40-60,69542,1780
Chennai,410067,Male,60-80,8645,1783
Kolkata,410038,Male,60-80,69011,770
Kolkata,410067,Male,40-60,48328,1157
Pune,410054,Male,80+,58205,1794
Bangalore,53000,Male,80+,90037,692
Mumbai,400074,Female,40-60,75567,405
Pune,400074,Female,80+,46354,1339
Chennai,400065,Male,20-40,8230,1852
Pune,400074,Male,20-40,64676,1166
Pune,410054,Male,60-80,20890,1397
Nagpur,400074,Female,60-80,33671,656
Bangalore,400074,Female,40-60,11923,1759
Kolkata,400074,Female,80+,5366,595
Kolkata,410054,Male,20-40,69058,1889
Chennai,560095,Male,80+,31994,1201
Nagpur,53000,Male,80+,3864,1878
Bangalore,560095,Female,20-40,82144,401
Mumbai,400065,Male,40-60,32145,604
Nagpur,560095,Male,40-60,55987,1479
Pune,53000,Male,40-60,67908,1687
Bangalore,410054,Male,40-60,55598,1393
Nagpur,410038,Female,40-60,6012,935
Mumbai,53000,Male,20-40,82710,1164
Mumbai,410067,Male,20-40,88106,263
Pune,53000,Female,40-60,44594,1124
Nagpur,410038,Female,40-60,77536,1517
Chennai,400065,Female,40-60,31194,1687
Bangalore,560095,Male,60-80,61935,471
Mumbai,400065,Female,80+,41435,1692
Mumbai,410067,Male,80+,48261,1392
Chennai,400065,Female,80+,40138,1501
Bangalore,410067,Female,20-40,41249,1725
Mumbai,400074,Female,20-40,63636,845
Nagpur,400065,Female,40-60,52083,249
Mumbai,53000,Female,40-60,24392,1319
Kolkata,410067,Male,40-60,95549,761
Chennai,400065,Male,80+,87442,1055
Kolkata,560095,Female,40-60,27015,1351
Nagpur,410038,Female,40-60,71032,964
Pune,560095,Female,60-80,8145,717
Mumbai,53000,Male,60-80,2894,1383
Mumbai,410067,Female,60-80,37455,1798
Pune,410067,Male,40-60,93904,1096
Bangalore,410067,Male,20-40,96630,485
Kolkata,410067,Female,20-40,54956,772
Bangalore,400074,Female,60-80,48286,1029
Nagpur,400065,Female,80+,42612,344
Pune,400065,Female,20-40,16415,740
Bangalore,53000,Male,60-80,87594,1806
Chennai,410067,Female,20-40,97780,1628
Chennai,400065,Male,80+,15799,227
Nagpur,53000,Male,60-80,44077,459
Mumbai,400074,Female,60-80,97805,1175
Mumbai,53000,Female,60-80,65794,1649
Nagpur,410067,Female,40-60,28858,324
Bangalore,410054,Female,80+,51225,304
Mumbai,53000,Male,80+,56008,1233
Mumbai,400074,Male,60-80,76819,1767
Mumbai,410038,Female,20-40,23307,582
Pune,400074,Male,60-80,79926,574
Chennai,53000,Male,20-40,43296,1038
Chennai,410067,Female,60-80,45986,1298
Chennai,410067,Male,20-40,90203,1557
Pune,410067,Female,80+,40291,1130
Bangalore,400065,Female,40-60,82487,557
Chennai,400065,Male,40-60,79102,814
Bangalore,53000,Male,20-40,63918,1047
Kolkata,400065,Female,40-60,10694,1041
Bangalore,400074,Male,80+,73025,1614
Mumbai,410067,Female,40-60,92797,1891
Bangalore,400074,Male,40-60,26333,1897
Kolkata,560095,Male,40-60,63666,1155
Bangalore,410038,Male,60-80,33646,1177
Kolkata,410054,Male,20-40,66190,1762
Chennai,560095,Female,60-80,76175,1490
Nagpur,400065,Female,40-60,73350,263
Chennai,53000,Female,20-40,68513,1672
Mumbai,410054,Female,80+,12981,421
Chennai,410038,Female,40-60,13282,626
Mumbai,410067,Female,80+,40354,1003
Kolkata,410038,Male,40-60,89076,1237
Nagpur,410054,Female,20-40,11142,1505
Nagpur,400065,Female,80+,9420,345
Chennai,53000,Female,60-80,91319,1880
Kolkata,400065,Male,60-80,64141,1605
Mumbai,53000,Female,60-80,15837,428
Bangalore,400065,Male,60-80,73274,1353
Mumbai,400065,Female,60-80,26048,804
Mumbai,560095,Male,80+,42728,782
Mumbai,53000,Male,40-60,11823,605
Bangalore,560095,Male,80+,75262,1655
Mumbai,400065,Male,40-60,46393,1309
Pune,400074,Female,80+,71876,1762
Bangalore,400065,Male,80+,93844,307
Mumbai,410054,Female,60-80,93291,698
Chennai,53000,Male,60-80,78392,1355
Nagpur,410067,Female,60-80,34898,362
Pune,400074,Female,40-60,89220,345
Bangalore,53000,Female,20-40,95999,262
Kolkata,410038,Male,60-80,28232,742
Mumbai,400074,Female,20-40,19585,797
Kolkata,410038,Male,60-80,42267,1161
Kolkata,560095,Male,20-40,78198,1521
Chennai,400074,Male,80+,91545,882
Bangalore,53000,Female,40-60,84224,1014
Mumbai,400065,Female,80+,99301,1319
Kolkata,410067,Female,60-80,34992,260
Nagpur,410038,Female,80+,26034,274
Bangalore,400074,Male,40-60,27148,600
Kolkata,410038,Female,20-40,23397,429
Nagpur,400074,Female,40-60,31763,493
Bangalore,400074,Male,80+,80432,471
Pune,400065,Female,20-40,58962,942
Kolkata,400074,Female,80+,89436,1269
Mumbai,410067,Female,80+,49138,455
Chennai,410067,Female,20-40,46043,1566
Bangalore,410054,Male,20-40,46010,406
Nagpur,560095,Female,20-40,87474,692
Kolkata,400065,Female,80+,49088,1596
Mumbai,53000,Male,80+,18803,1055
Kolkata,400074,Male,80+,30639,1278
Bangalore,400065,Male,20-40,80095,1139
Mumbai,400065,Female,20-40,39440,1057
Mumbai,560095,Female,40-60,83292,442
Kolkata,410067,Female,20-40,97817,682
Kolkata,53000,Female,20-40,31566,1415
Pune,53000,Male,80+,97889,816
Mumbai,560095,Male,80+,52760,1339
Nagpur,410038,Male,40-60,92528,480
Bangalore,410054,Male,20-40,19754,948
Chennai,560095,Female,60-80,43383,810
Nagpur,410054,Male,80+,48973,1730
Nagpur,53000,Male,80+,89310,657
Nagpur,410067,Male,80+,88521,866
Kolkata,560095,Male,20-40,81620,1115
Kolkata,400065,Male,40-60,55669,1301
Mumbai,400074,Female,60-80,98979,217
Kolkata,410054,Female,40-60,54723,1001
Chennai,410054,Female,60-80,29974,844
Nagpur,410067,Female,20-40,72505,1629
Mumbai,400065,Male,60-80,25871,1162
Mumbai,410054,Male,20-40,21413,570
Chennai,400074,Female,80+,65739,1798
Chennai,410038,Male,80+,44286,985
Nagpur,410054,Male,40-60,4974,1492
Bangalore,410038,Male,60-80,23665,1128
Chennai,410054,Female,40-60,16715,1468
Bangalore,560095,Male,20-40,93594,497
Bangalore,400074,Male,80+,77616,535
Mumbai,400074,Male,40-60,99243,284
Nagpur,560095,Male,60-80,73569,1021
Nagpur,410038,Female,20-40,57092,1206
Pune,400065,Male,40-60,31876,1534
Nagpur,410067,Female,80+,60599,1168
Chennai,410054,Female,80+,9712,441
Mumbai,400074,Female,20-40,83043,1581
Mumbai,53000,Female,60-80,49282,1192
Chennai,410054,Female,40-60,51286,413
Nagpur,560095,Female,20-40,9537,558
Kolkata,400065,Female,80+,41523,388
Mumbai,410038,Male,40-60,38445,1551
Bangalore,410067,Female,20-40,2686,1749
Kolkata,560095,Male,20-40,71162,262
Pune,410038,Male,40-60,56078,1251
Nagpur,400074,Male,60-80,32009,1690
Nagpur,410038,Female,40-60,41098,1678
Bangalore,410038,Male,80+,88217,1332
Pune,410054,Male,80+,58883,1675
Pune,560095,Female,20-40,75066,1036
Chennai,400074,Female,80+,42349,672
Nagpur,400065,Male,60-80,96161,1586
Nagpur,410038,Female,60-80,66365,1154
Mumbai,560095,Female,80+,85895,837
Mumbai,400065,Female,60-80,62094,877
Nagpur,400074,Male,80+,46376,1835
Pune,410054,Female,60-80,25469,1368
Pune,410038,Male,60-80,26385,1407
Kolkata,400065,Female,60-80,44543,993
Bangalore,53000,Male,40-60,20521,1433
Bangalore,410054,Male,80+,6758,1216
Kolkata,410038,Male,20-40,60164,1316
Nagpur,410067,Female,20-40,14857,1460
Pune,400074,Male,80+,12329,666
Mumbai,410054,Female,80+,15849,1093
Bangalore,400065,Male,20-40,32748,1347
Kolkata,410054,Male,60-80,42998,1365
Mumbai,560095,Male,80+,67739,830
Mumbai,400074,Male,20-40,46091,1215
Nagpur,410067,Female,20-40,85589,661
Nagpur,400065,Male,80+,8061,1592
Bangalore,400065,Male,60-80,68952,1836
Bangalore,560095,Male,80+,57714,550
Nagpur,410054,Male,80+,31326,803
Mumbai,400065,Female,60-80,11437,1095
Kolkata,53000,Female,40-60,33709,591
Bangalore,400074,Female,40-60,24949,312
Nagpur,560095,Female,80+,81582,661
Bangalore,400074,Female,80+,13229,632
Nagpur,400065,Female,20-40,23735,388
Nagpur,410054,Female,40-60,74574,336
Mumbai,410067,Male,80+,56366,1562
Chennai,400074,Male,60-80,71287,1585
Chennai,400074,Female,60-80,59230,921
Bangalore,560095,Male,80+,72809,602
Chennai,410038,Male,40-60,3509,1836
Nagpur,410038,Male,80+,50779,220
Bangalore,410067,Male,20-40,85880,454
Pune,400074,Female,80+,81469,658
Pune,400074,Male,60-80,92479,1427
Nagpur,400074,Female,20-40,32565,264
Chennai,410054,Female,60-80,68203,696
Kolkata,400065,Male,40-60,98763,1696
Chennai,53000,Male,60-80,97253,764
Chennai,560095,Female,80+,25910,312
Kolkata,410054,Female,80+,99654,1236
Chennai,410067,Female,20-40,6477,1820
Nagpur,400065,Male,40-60,61763,866
Pune,400074,Female,60-80,37718,841
Nagpur,410038,Female,80+,73375,981
Bangalore,410067,Male,20-40,93867,560
Mumbai,53000,Female,20-40,12019,483
Kolkata,410067,Female,80+,89204,1139
Nagpur,53000,Female,60-80,21777,1475
Kolkata,410054,Male,40-60,81955,593
Nagpur,410054,Female,60-80,43705,1761
Pune,410038,Male,20-40,70908,1488
Mumbai,53000,Female,80+,40617,1594
Chennai,410038,Female,60-80,50938,835
Kolkata,410038,Female,20-40,93215,874
Pune,410067,Female,80+,43283,1596
Kolkata,560095,Male,20-40,80889,465
Kolkata,410054,Male,20-40,26396,743
Kolkata,560095,Male,80+,68184,831
Nagpur,400074,Male,80+,40553,640
Pune,400065,Female,40-60,63888,1566
Bangalore,410038,Male,80+,19722,1658
Mumbai,410054,Male,80+,84214,1388
Bangalore,53000,Female,80+,54346,212
Kolkata,410038,Male,20-40,53507,806
Nagpur,53000,Female,60-80,71063,1860
Chennai,410067,Male,40-60,59369,1483
Nagpur,560095,Female,80+,86240,1676
Kolkata,410054,Male,60-80,40013,1643
Mumbai,400074,Male,60-80,38665,1852
Bangalore,410067,Female,80+,20065,797
Bangalore,410067,Male,60-80,90013,475
Kolkata,410038,Male,20-40,46598,1833
Kolkata,410038,Female,20-40,13871,1115
Pune,53000,Male,80+,65699,1098
Chennai,410054,Female,60-80,43689,1165
Pune,400065,Male,60-80,41493,1823
Mumbai,410038,Male,60-80,48822,1205
Pune,400065,Female,20-40,85635,1624
Chennai,53000,Female,20-40,40057,276
Mumbai,410067,Female,60-80,78148,431
Nagpur,400065,Male,80+,42388,644
Nagpur,410054,Female,60-80,92091,1160
Nagpur,410038,Male,40-60,74464,981
Kolkata,53000,Female,20-40,9353,1642
Mumbai,400065,Male,80+,43179,1698
Nagpur,410054,Female,20-40,63599,1446
Kolkata,410038,Female,60-80,83054,969
Pune,560095,Female,40-60,90452,1079
Nagpur,410067,Female,60-80,75735,845
Nagpur,560095,Male,80+,90590,627
Mumbai,53000,Female,40-60,21542,641
Chennai,560095,Female,80+,42507,1736
Kolkata,400074,Female,80+,53946,1623
Mumbai,410054,Male,80+,12318,514
Chennai,53000,Female,20-40,37151,1746
Kolkata,560095,Male,20-40,17683,1498
Bangalore,560095,Female,60-80,20575,1113
Mumbai,410067,Female,20-40,29069,1285
Chennai,560095,Male,40-60,90391,879
Bangalore,560095,Male,40-60,65649,1053
Pune,53000,Male,40-60,28651,1148
Kolkata,560095,Female,40-60,10569,1714
Kolkata,400074,Male,20-40,13409,1003
Kolkata,400065,Male,20-40,11295,431
Kolkata,53000,Female,60-80,59023,227
Chennai,410054,Male,40-60,91601,1869
Nagpur,400074,Female,40-60,73401,1859
Pune,410054,Male,20-40,43944,407
Mumbai,410038,Male,60-80,22222,1609
Kolkata,410067,Male,60-80,56681,1562
Mumbai,410067,Female,60-80,25793,691
Nagpur,560095,Male,80+,19956,985
Nagpur,410067,Male,40-60,68509,619
Pune,400074,Female,60-80,62313,1503
Nagpur,400074,Female,60-80,49000,467
Kolkata,410054,Female,60-80,2915,936
Chennai,410038,Female,60-80,39287,1540
Nagpur,400074,Female,80+,11855,658
Pune,400065,Female,40-60,80751,1319
Kolkata,53000,Female,60-80,8061,991
Bangalore,400074,Female,40-60,81724,1240
Pune,53000,Female,40-60,2451,1832
Pune,400065,Female,40-60,67799,787
Chennai,410038,Male,40-60,56633,321
Bangalore,400065,Male,60-80,13940,710
Bangalore,410067,Male,60-80,4637,544
Pune,560095,Female,60-80,75055,1209
Pune,560095,Male,20-40,53929,1320
Mumbai,560095,Female,80+,46324,1676
Bangalore,400065,Male,20-40,70887,1843
Kolkata,410038,Female,80+,91893,1863
Mumbai,400074,Female,20-40,87442,1349
Mumbai,400065,Female,40-60,96924,434
Nagpur,410067,Male,40-60,18520,534
Kolkata,400065,Female,80+,11964,1357
Mumbai,410067,Female,20-40,91426,1593
Mumbai,410038,Female,60-80,48536,1875
Pune,410054,Female,40-60,31213,1635
Chennai,410038,Female,80+,79242,490
Kolkata,410067,Female,40-60,14966,1369
Chennai,410054,Female,60-80,14856,790
Mumbai,410038,Male,40-60,45988,1585
Bangalore,410054,Male,60-80,84642,1245
Bangalore,410054,Female,20-40,77681,1135
Mumbai,400074,Female,60-80,43185,789
Chennai,400074,Female,60-80,49774,1063
Kolkata,400065,Male,40-60,6092,570
Pune,410038,Male,80+,7760,1396
Mumbai,410038,Male,40-60,63624,1231
Pune,410038,Female,60-80,63514,1792
Kolkata,410067,Female,40-60,65715,1036
Mumbai,53000,Female,20-40,81837,207
Bangalore,410038,Male,40-60,49840,1510
Chennai,560095,Female,20-40,5497,1344
Nagpur,410054,Male,60-80,38530,1625
Mumbai,410067,Female,80+,28213,1351
Chennai,410054,Female,60-80,81340,892
Nagpur,410038,Male,20-40,67637,1194
Nagpur,410054,Female,60-80,27816,217
Nagpur,400065,Female,20-40,50779,1580
Bangalore,53000,Female,40-60,69512,1794
Nagpur,400065,Male,80+,51549,1058
Bangalore,410038,Female,20-40,15765,1717
Pune,53000,Female,60-80,7509,1160
Chennai,410038,Female,40-60,71123,936
Bangalore,410067,Female,20-40,38834,1528
Pune,410054,Male,20-40,74110,1844
Mumbai,53000,Female,80+,17440,877
Pune,410067,Male,20-40,39524,524
Bangalore,410067,Female,80+,59838,1125
Mumbai,53000,Male,80+,19633,954
Mumbai,53000,Female,60-80,80005,1796
Chennai,410038,Male,60-80,34429,293
Bangalore,410067,Male,80+,87957,1546
Chennai,53000,Male,80+,86850,1559
Mumbai,410038,Male,80+,28664,821
Mumbai,410038,Male,20-40,9588,1131
Kolkata,410067,Female,40-60,36950,643
Kolkata,400074,Female,20-40,41464,644
Chennai,400074,Male,60-80,62071,1070
Pune,410067,Male,60-80,85733,582
Chennai,53000,Female,20-40,29591,691
Nagpur,560095,Male,80+,63942,924
Bangalore,410038,Female,40-60,43831,1786
Pune,400074,Male,40-60,81376,938
Mumbai,410067,Female,20-40,95415,665
Kolkata,560095,Female,20-40,42300,1461
Chennai,560095,Male,20-40,33975,734
Chennai,560095,Female,80+,94565,754
Mumbai,53000,Male,40-60,11484,1293
Pune,410054,Male,80+,26493,1854
Bangalore,53000,Male,60-80,48093,1691
Bangalore,400065,Female,60-80,14788,496
Chennai,560095,Male,80+,87614,1409
Chennai,400074,Female,60-80,64508,1026
Bangalore,560095,Male,60-80,17308,493
Bangalore,410054,Male,20-40,77832,788
Bangalore,410067,Male,80+,56051,781
Nagpur,53000,Female,80+,84864,1155
Chennai,410038,Female,40-60,48643,811
Chennai,560095,Male,40-60,16127,796
Chennai,400065,Male,60-80,52512,1480
Pune,410054,Male,60-80,67037,1059
Pune,53000,Female,80+,52372,261
Mumbai,400074,Female,60-80,86803,1243
Bangalore,53000,Female,80+,27317,316
Mumbai,400074,Male,20-40,3670,1067
Nagpur,400065,Female,60-80,12003,733
Pune,410054,Male,80+,57155,762
Mumbai,53000,Female,40-60,99274,244
Chennai,410038,Male,80+,8222,657
Chennai,53000,Male,40-60,97179,1354
Chennai,410038,Female,80+,22222,1340
Bangalore,410067,Female,60-80,58227,1504
Chennai,53000,Female,40-60,79129,1016
Chennai,410054,Male,20-40,7061,835
Pune,410067,Female,80+,28000,1695
Chennai,410038,Female,80+,52755,295
Kolkata,53000,Male,20-40,11938,752
Chennai,53000,Female,20-40,38742,633
Bangalore,410067,Female,60-80,41547,474
Kolkata,560095,Male,20-40,10482,647
Nagpur,410067,Female,40-60,54663,1559
Mumbai,53000,Male,40-60,55700,1667
Chennai,400074,Male,20-40,47065,698
Nagpur,400074,Female,20-40,80675,1345
Nagpur,410038,Female,60-80,20693,1048
Pune,410067,Female,80+,11820,658
Kolkata,410054,Female,80+,28189,789
Bangalore,53000,Female,60-80,92915,1268
Pune,400074,Male,80+,96033,967
Nagpur,400065,Male,40-60,7373,663
Pune,410054,Female,60-80,38596,228
Mumbai,410067,Female,20-40,69064,1701
Bangalore,53000,Male,40-60,30220,1505
Nagpur,560095,Female,40-60,10247,1433
Pune,400074,Female,40-60,98807,549
Mumbai,410038,Male,20-40,85686,605
Kolkata,400074,Male,20-40,16763,1690
Nagpur,410038,Female,80+,13145,807
Pune,560095,Female,60-80,53023,268
Mumbai,400074,Male,60-80,6650,622
Pune,400074,Male,40-60,52061,1698
Bangalore,53000,Male,80+,16202,1298
Nagpur,560095,Male,20-40,65501,1654
Chennai,400065,Female,60-80,68619,1149
Pune,560095,Female,20-40,67852,241
Nagpur,53000,Female,40-60,75975,1161
Pune,560095,Female,40-60,23778,1753
Chennai,560095,Female,60-80,77059,1273
Kolkata,53000,Female,80+,64770,1378
Pune,400065,Female,60-80,94030,767
Mumbai,410067,Female,40-60,90906,736
Chennai,400074,Female,60-80,78459,1531
Chennai,560095,Male,60-80,81311,602
Chennai,53000,Female,40-60,42446,1356
Pune,410067,Male,80+,94353,1777
Mumbai,560095,Female,20-40,48527,1054
Kolkata,410038,Male,40-60,70339,1240
Nagpur,410038,Female,40-60,79350,1491
Mumbai,410038,Male,40-60,37703,577
Nagpur,400074,Female,60-80,91950,1027
Nagpur,560095,Female,40-60,77906,765
Kolkata,53000,Male,60-80,89664,499
Pune,53000,Male,40-60,57447,829
Mumbai,53000,Male,60-80,3970,1369
Chennai,400065,Male,80+,29092,1258
Mumbai,410067,Female,60-80,6891,1021
Mumbai,410067,Female,40-60,49856,1483
Pune,410067,Male,80+,13943,282
Nagpur,400065,Male,80+,65172,1713
Kolkata,53000,Male,80+,23371,1753
Bangalore,400065,Female,60-80,61946,1204
Mumbai,53000,Male,80+,38628,829
Bangalore,400074,Female,40-60,52209,628
Bangalore,53000,Male,60-80,83801,922
Mumbai,410067,Male,80+,9251,409
Mumbai,410054,Female,80+,40046,1080
Nagpur,410054,Female,40-60,24021,1077
Kolkata,410038,Male,20-40,15707,1242
Chennai,400074,Female,20-40,11886,395
Chennai,400065,Male,40-60,27069,1532
Mumbai,410038,Male,80+,86716,1723
Chennai,560095,Male,60-80,2803,1789
Nagpur,410054,Male,40-60,35727,1865
Kolkata,410067,Female,80+,29371,304
Pune,410054,Male,40-60,26931,275
Chennai,410054,Female,60-80,16007,1139
Chennai,560095,Male,40-60,4071,1828
Bangalore,410067,Male,20-40,32095,1578
Nagpur,410054,Male,80+,55960,1081
Mumbai,410038,Female,40-60,45119,1426
Chennai,410067,Male,20-40,13385,1117
Chennai,400065,Male,40-60,65439,1139
Chennai,560095,Male,20-40,69840,1130
Pune,53000,Female,80+,56214,605
Nagpur,410067,Male,60-80,71669,1856
Pune,400074,Male,80+,58249,1584
Mumbai,400065,Male,20-40,11529,802
Chennai,53000,Female,80+,62989,1794
Pune,400065,Male,80+,37008,894
Nagpur,410038,Female,20-40,12039,455
Nagpur,560095,Male,60-80,17510,1278
Nagpur,400065,Male,60-80,14640,1079
Mumbai,410054,Female,20-40,74157,1470
Bangalore,53000,Male,60-80,60843,1674
Nagpur,410038,Female,80+,14392,510
Mumbai,410038,Female,60-80,16023,712
Kolkata,410038,Female,80+,77009,378
Bangalore,560095,Male,60-80,71523,873
Mumbai,400074,Male,20-40,38222,284
Bangalore,53000,Female,20-40,24487,708
Bangalore,410054,Female,20-40,51653,1456
Nagpur,410054,Female,80+,63828,1628
Mumbai,410067,Male,20-40,38871,1816
Nagpur,53000,Male,80+,56900,947
Mumbai,400074,Female,60-80,3325,1549
Mumbai,53000,Male,60-80,14113,670
Nagpur,560095,Male,80+,41725,331
Chennai,410067,Female,40-60,83771,303
Chennai,410038,Male,80+,38227,1279
Nagpur,400074,Female,60-80,75326,1393
Pune,400065,Male,80+,84126,663
Pune,53000,Female,60-80,78541,438
Kolkata,410054,Male,40-60,98257,225
Kolkata,400074,Male,60-80,85471,405
Kolkata,410067,Male,60-80,33625,1856
Mumbai,410054,Female,20-40,83015,930
Bangalore,400074,Male,40-60,86012,804
Bangalore,410038,Female,20-40,3759,1476
Chennai,53000,Male,80+,16618,866
Pune,560095,Female,40-60,71404,1732
Chennai,410054,Female,80+,50615,1622
Pune,400065,Male,80+,55128,1094
Chennai,410038,Male,80+,11781,726
Pune,560095,Male,40-60,49618,643
Pune,560095,Female,20-40,22134,1081
Kolkata,410067,Female,40-60,30262,464
Mumbai,410038,Male,80+,71402,1193
Chennai,400065,Female,80+,6132,843
Kolkata,400065,Female,60-80,34773,898
Chennai,400074,Male,60-80,74033,1433
Nagpur,400065,Female,60-80,89857,755
Chennai,400074,Male,20-40,95999,1414
Nagpur,400074,Female,80+,89265,1338
Mumbai,400074,Female,40-60,80709,1840
Bangalore,400065,Male,20-40,26969,578
Pune,400065,Female,80+,83077,1532
Bangalore,400065,Female,80+,51090,891
Nagpur,53000,Male,20-40,31139,1155
Nagpur,560095,Male,40-60,21694,1457
Nagpur,53000,Male,80+,41149,1621
Nagpur,560095,Male,80+,57419,847
Bangalore,400065,Female,80+,6866,1762
Nagpur,560095,Female,40-60,78010,1893
Nagpur,410038,Female,80+,30651,1674
Bangalore,400065,Male,80+,74776,1271
Kolkata,560095,Female,20-40,81890,513
Chennai,410054,Male,80+,14180,1146
Kolkata,53000,Female,40-60,15991,1871
Chennai,560095,Female,60-80,84873,800
Nagpur,400065,Female,40-60,17626,620
Nagpur,410054,Female,60-80,95264,785
Kolkata,410054,Female,40-60,11025,917
Nagpur,560095,Female,80+,19386,333
Chennai,410054,Male,60-80,51677,1193
Bangalore,410054,Female,80+,64485,792
Nagpur,410038,Female,20-40,9012,893
Bangalore,53000,Female,60-80,41363,918
Mumbai,410054,Female,60-80,9555,1854
Chennai,560095,Male,80+,15110,1729
Mumbai,560095,Male,60-80,87462,619
Chennai,560095,Male,80+,47732,1870
Pune,53000,Male,80+,9345,1282
Pune,410067,Female,60-80,21526,1027
Mumbai,400074,Female,80+,93639,1537
Bangalore,53000,Female,60-80,25642,549
Kolkata,400074,Female,80+,90491,1139
Mumbai,410067,Female,40-60,20534,777
Kolkata,410054,Male,40-60,91643,1511
Pune,560095,Male,20-40,99195,1331
Bangalore,400074,Male,60-80,58517,911
Nagpur,410038,Male,80+,88934,1180
Pune,400065,Male,60-80,99348,590
Pune,410054,Female,80+,3309,1410
Kolkata,410054,Male,80+,8321,865
Mumbai,410067,Male,60-80,11411,1193
Pune,410067,Male,80+,19697,406
Pune,400074,Male,60-80,58729,1186
Kolkata,400074,Male,20-40,64718,1714
Bangalore,400065,Female,20-40,93481,553
Bangalore,400065,Female,20-40,47874,344
Mumbai,400065,Male,60-80,54079,1501
Kolkata,410067,Male,40-60,33412,803
Chennai,410054,Male,80+,30050,711
Mumbai,400065,Female,40-60,61259,1120
Pune,53000,Male,60-80,37017,963
Nagpur,410054,Male,20-40,97931,1202
Nagpur,53000,Male,80+,52254,554
Mumbai,410038,Female,60-80,93089,1216
Kolkata,410038,Male,60-80,31066,1077
Kolkata,410038,Female,80+,88123,1552
Chennai,53000,Female,60-80,51673,465
Nagpur,410067,Male,80+,37441,360
Nagpur,400074,Female,60-80,14847,938
Mumbai,53000,Female,80+,11439,1081
Chennai,410054,Male,20-40,88593,803
Pune,410038,Female,80+,12329,1371
Bangalore,400065,Female,20-40,71407,1734
Mumbai,410038,Male,40-60,5411,1081
Nagpur,410067,Female,80+,98240,1869
Mumbai,400065,Male,60-80,39938,396
Bangalore,400065,Female,40-60,83212,1659
Kolkata,53000,Female,20-40,34568,1763
Kolkata,410038,Male,60-80,41600,383
Mumbai,560095,Female,80+,95364,340
Mumbai,400074,Female,20-40,63639,472
Chennai,560095,Male,20-40,60882,1322
Mumbai,400074,Female,60-80,31889,1392
Nagpur,410067,Male,80+,69904,1761
Chennai,53000,Female,40-60,31810,778
Kolkata,400074,Female,40-60,82472,1812
Mumbai,400074,Male,20-40,54193,345
Pune,400074,Female,20-40,23469,1323
Mumbai,53000,Male,20-40,16964,439
Bangalore,410038,Female,60-80,77237,1546
Kolkata,410038,Male,20-40,14167,1533
Bangalore,410038,Male,60-80,78947,1323
Bangalore,400074,Male,20-40,38878,244
Mumbai,53000,Female,80+,86200,1847
Pune,560095,Male,20-40,37460,957
Nagpur,400065,Female,80+,32505,523
Chennai,560095,Female,80+,43445,598
Pune,400074,Male,80+,65004,1001
Mumbai,410038,Female,80+,74965,575
Nagpur,400074,Female,60-80,99819,1655
Mumbai,410054,Female,20-40,72496,830
Pune,53000,Female,80+,34747,722
Bangalore,560095,Female,80+,51864,845
Bangalore,410067,Female,40-60,19987,1173
Bangalore,53000,Male,20-40,48953,1251
Mumbai,53000,Male,80+,58940,636
Kolkata,410054,Male,60-80,45933,963
Kolkata,410038,Female,20-40,16538,1522
Nagpur,410054,Male,40-60,17241,1428
Kolkata,560095,Female,60-80,49359,385
Mumbai,53000,Female,60-80,74494,222
Chennai,410054,Male,80+,77150,1518
Pune,560095,Female,80+,29911,1165
Kolkata,410054,Female,80+,60639,883
Chennai,410067,Female,20-40,80793,1396
Mumbai,410054,Male,80+,48305,576
Bangalore,410054,Female,20-40,61898,823
Kolkata,53000,Female,40-60,59741,345
Nagpur,410038,Female,20-40,48821,1394
Kolkata,410054,Female,20-40,66173,1762
Nagpur,410038,Male,60-80,42676,869
Nagpur,400074,Female,80+,61994,976
Pune,400074,Female,80+,46612,783
Bangalore,410067,Male,80+,36283,1446
Pune,560095,Male,80+,91220,323
Kolkata,560095,Male,20-40,43449,972
Pune,400065,Female,20-40,78684,279
Pune,560095,Male,20-40,80106,1425
Mumbai,560095,Male,60-80,41405,1056
Nagpur,410054,Female,20-40,23319,1782
Mumbai,410067,Male,40-60,55153,468
Bangalore,410067,Female,80+,87585,545
Bangalore,53000,Female,20-40,82943,1521
Pune,400065,Male,80+,58486,1219
Chennai,400074,Male,40-60,93415,828
Bangalore,410038,Female,60-80,37631,626
Kolkata,410038,Female,60-80,68587,1200
Pune,560095,Male,40-60,41282,401
Nagpur,410067,Female,40-60,12396,309
Pune,410067,Male,80+,77412,510
Bangalore,410067,Female,40-60,54397,1655
Bangalore,400065,Female,60-80,44435,1270
Bangalore,410038,Female,80+,76943,1213
Bangalore,400065,Male,40-60,14476,1843
Bangalore,410038,Male,40-60,62563,907
Bangalore,53000,Male,40-60,15070,810
Nagpur,560095,Male,60-80,33063,568
Bangalore,400065,Female,80+,16894,812
Mumbai,410067,Female,20-40,26353,1558
Nagpur,410038,Male,20-40,62570,1497
Pune,410054,Male,80+,95519,946
Kolkata,410067,Female,80+,65045,1715
Bangalore,410067,Male,80+,67237,1226
Kolkata,410054,Male,60-80,39481,1295
Bangalore,560095,Female,80+,20520,1398
Chennai,410038,Female,40-60,77436,770
Kolkata,410054,Male,80+,8808,1205
Bangalore,53000,Male,80+,15775,964
Kolkata,410054,Female,40-60,35582,1786
Bangalore,410067,Male,20-40,72895,560
Chennai,410067,Male,60-80,99970,360
Nagpur,560095,Male,80+,74145,1417
Mumbai,410054,Female,80+,79591,926
Nagpur,410038,Female,80+,49041,1410
Kolkata,410038,Female,80+,85780,1567
Mumbai,410038,Male,60-80,59886,902
Chennai,410054,Female,60-80,41461,1786
Chennai,400074,Male,80+,72461,1570
Pune,400074,Male,80+,11632,1028
Nagpur,400065,Male,20-40,83016,1736
Bangalore,410038,Male,20-40,82319,586
Pune,410054,Male,40-60,23496,1089
Nagpur,410067,Female,40-60,83709,957
Bangalore,400065,Male,40-60,44731,1613
Kolkata,410067,Female,60-80,43003,1148
Bangalore,560095,Female,40-60,11559,1308
Nagpur,410054,Female,20-40,73077,1478
Pune,400065,Female,80+,59134,578
Chennai,53000,Female,80+,39150,1581
Kolkata,560095,Female,60-80,48277,1660
Nagpur,410038,Female,20-40,95613,746
Bangalore,53000,Male,20-40,69133,1169
Bangalore,400074,Female,80+,89126,582
Chennai,560095,Female,20-40,89022,984
Kolkata,400065,Male,20-40,75482,1231
Kolkata,410054,Male,80+,52272,1556
Chennai,53000,Female,80+,55053,1282
Pune,53000,Female,60-80,26302,313
Bangalore,410067,Female,60-80,65229,1257
Bangalore,400065,Male,20-40,9205,1560
Bangalore,400074,Male,80+,46536,884
Kolkata,410038,Female,20-40,20587,653
Nagpur,400065,Male,80+,4500,1818
Kolkata,410067,Female,60-80,83088,437
Bangalore,410067,Female,20-40,24745,410
Kolkata,400074,Male,20-40,46725,805
Mumbai,53000,Male,20-40,59315,1474
Chennai,410054,Male,40-60,47841,1101
Mumbai,410054,Male,20-40,62619,1026
Mumbai,400074,Female,20-40,11805,238
Kolkata,410054,Male,80+,65150,1306
Bangalore,400065,Male,40-60,63834,461
Nagpur,400074,Male,20-40,82122,1001
Bangalore,560095,Female,80+,61156,983
Pune,410054,Male,80+,5355,401
Chennai,560095,Male,20-40,48216,1320
Nagpur,560095,Male,80+,17559,1835
Pune,560095,Female,80+,22281,1576
Kolkata,53000,Male,20-40,70550,307
Chennai,400065,Female,60-80,55495,1809
Kolkata,400065,Male,20-40,45987,1009
Kolkata,410054,Female,40-60,17514,1603
Nagpur,400065,Female,60-80,20122,1202
Kolkata,410054,Female,20-40,79486,828
Bangalore,560095,Female,20-40,75912,824
Pune,400074,Female,60-80,26869,482
Nagpur,53000,Female,40-60,82367,1866
Bangalore,410054,Female,60-80,41024,1811
Pune,400065,Male,60-80,39768,1685
Pune,400074,Male,40-60,52542,1244
Pune,53000,Male,40-60,83220,496
Chennai,410038,Male,80+,84544,434
Pune,560095,Female,80+,6505,1518
Pune,410067,Female,60-80,13906,1033
Mumbai,400065,Male,60-80,47204,336
Mumbai,410067,Male,40-60,21525,1214
Mumbai,560095,Male,20-40,51846,1209
Chennai,400074,Male,40-60,36082,1341
Bangalore,560095,Male,20-40,96244,1558
Pune,410038,Male,80+,46263,324
Pune,410038,Male,80+,27828,787
Bangalore,53000,Male,20-40,86489,957
Chennai,410067,Male,60-80,39465,1603
Chennai,560095,Male,60-80,39708,1571
Nagpur,53000,Female,60-80,43576,730
Chennai,410054,Female,40-60,48307,678
Pune,410067,Female,20-40,7546,1217
Chennai,410067,Female,20-40,55483,439
Chennai,560095,Female,80+,18145,903
Mumbai,410038,Female,60-80,67415,375
Bangalore,400074,Male,40-60,81885,578
Mumbai,53000,Male,40-60,69602,1541
Chennai,400074,Male,40-60,13007,939
Kolkata,410054,Female,60-80,66777,233
Pune,410038,Male,80+,84576,1060
Nagpur,400065,Female,20-40,27023,1528
Nagpur,410067,Male,60-80,78660,1250
Bangalore,410067,Female,80+,56043,1160
Mumbai,410067,Male,20-40,8927,1108
Mumbai,400065,Male,80+,33291,970
Mumbai,410038,Female,60-80,50711,1819
Chennai,560095,Male,20-40,98360,819
Nagpur,410054,Male,40-60,71087,612
Bangalore,400074,Female,60-80,22538,1018
Mumbai,410067,Male,40-60,51677,1824
Mumbai,53000,Male,60-80,94149,651
Mumbai,410054,Male,80+,74907,216
Chennai,400074,Female,40-60,46237,763
Mumbai,410067,Male,80+,84087,233
Kolkata,410054,Female,40-60,96111,1529
Chennai,410067,Male,20-40,46595,1562
Kolkata,410038,Female,20-40,38316,490
Chennai,560095,Male,80+,51083,726
Pune,560095,Female,20-40,80380,617
Chennai,53000,Male,40-60,67133,818
Nagpur,400065,Male,80+,25858,1745
Bangalore,53000,Female,60-80,8802,1133
Kolkata,410038,Female,60-80,69640,1642
Bangalore,560095,Female,80+,37247,269
Kolkata,410054,Female,40-60,57256,644
Chennai,410054,Male,20-40,74484,1027
Mumbai,410038,Male,80+,79348,1587
Mumbai,53000,Male,80+,32002,1314
Nagpur,410054,Male,80+,24085,1721
Kolkata,560095,Female,20-40,60805,436
Mumbai,410054,Male,60-80,27996,1071
Kolkata,53000,Male,20-40,39857,1143
Kolkata,400074,Female,20-40,97425,896
Bangalore,53000,Male,80+,66264,295
Chennai,410054,Male,20-40,5683,1673
Chennai,410038,Female,80+,8698,1099
Nagpur,410038,Female,20-40,88336,1187
Nagpur,410038,Female,20-40,90138,356
Pune,410067,Female,20-40,97554,1298
Nagpur,400065,Female,80+,19053,1603
Chennai,400074,Male,40-60,66890,1805
Kolkata,560095,Female,40-60,83019,1544
Pune,410067,Male,60-80,30881,958
Kolkata,410067,Female,20-40,60351,1394
Chennai,400065,Female,40-60,23430,831
Chennai,410054,Male,40-60,23173,360
Bangalore,410038,Female,40-60,36416,1474
Nagpur,400065,Female,20-40,27931,1795
Pune,53000,Female,40-60,64741,315
Nagpur,410067,Female,60-80,13258,1138
Mumbai,410067,Male,40-60,85464,1552
Kolkata,410054,Female,20-40,86892,929
Chennai,410067,Male,20-40,9143,230
Kolkata,400065,Male,40-60,26961,267
Chennai,410038,Male,60-80,24634,1016
Nagpur,410067,Female,60-80,21964,1604
Pune,400065,Male,60-80,9625,712
Chennai,560095,Female,20-40,26344,1765
Kolkata,400074,Male,20-40,96204,857
Mumbai,53000,Female,80+,21868,1125
Nagpur,410054,Male,20-40,95808,1336
Pune,410038,Male,80+,4286,960
Mumbai,410038,Male,60-80,23992,1552
Bangalore,560095,Male,80+,98007,831
Bangalore,410067,Female,60-80,9359,796
Mumbai,410038,Female,20-40,49608,665
Chennai,400065,Female,60-80,52379,827
Chennai,410067,Male,80+,84729,1762
Bangalore,410054,Female,40-60,5701,767
Bangalore,410054,Female,20-40,20245,427
Chennai,410038,Male,60-80,68559,372
Mumbai,410038,Female,60-80,29229,1304
Mumbai,410038,Female,60-80,69952,757
Bangalore,560095,Female,60-80,14979,1116
Chennai,560095,Female,40-60,52728,658
Chennai,560095,Female,20-40,91692,1409
Nagpur,410054,Female,20-40,85372,1263
Mumbai,400065,Female,20-40,55680,1559
Kolkata,53000,Female,60-80,86033,1719
Nagpur,400065,Male,40-60,59615,710
Pune,53000,Male,60-80,64903,972
Nagpur,560095,Male,20-40,24049,1059
Chennai,410054,Male,60-80,33432,1748
Mumbai,410067,Female,60-80,12575,1693
Mumbai,410038,Male,80+,82454,1448
Nagpur,400065,Male,20-40,70056,713
Bangalore,400065,Female,40-60,89404,565
Kolkata,410038,Male,20-40,66994,1318
Chennai,410054,Male,80+,22262,1168
Kolkata,400065,Female,60-80,92673,621
Kolkata,400074,Female,40-60,98208,1804
Nagpur,400074,Female,20-40,88444,870
Bangalore,410038,Male,20-40,30486,1245
Pune,560095,Male,20-40,36693,1155
Pune,400074,Female,40-60,68377,1350
Mumbai,53000,Female,60-80,56720,1821
Kolkata,53000,Male,80+,98780,1708
Pune,410054,Male,40-60,48345,828
Nagpur,560095,Male,20-40,99231,1069
Mumbai,400065,Female,80+,31408,322
Bangalore,560095,Male,80+,69933,790
Pune,560095,Female,60-80,37143,1066
Mumbai,410054,Female,80+,42220,1724
Kolkata,400065,Male,40-60,52906,1311
Pune,410067,Male,80+,25530,1081
Kolkata,410054,Female,20-40,40444,855
Bangalore,410067,Male,40-60,48532,548
Kolkata,410054,Male,60-80,23041,708
Chennai,410054,Male,60-80,87870,1849
Mumbai,400065,Male,80+,74883,1606
Mumbai,400074,Male,60-80,61389,1410
Pune,560095,Female,40-60,10661,1884
Bangalore,400074,Female,20-40,6712,777
Kolkata,410067,Male,60-80,92891,203
Nagpur,410038,Female,80+,32242,1076
Bangalore,400065,Female,20-40,91595,332
Chennai,410067,Male,40-60,31759,1506
Kolkata,560095,Male,20-40,43088,1786
Mumbai,410054,Female,80+,41319,861
Mumbai,560095,Male,80+,22834,861
Chennai,400074,Male,40-60,30997,1813
Pune,53000,Female,80+,66896,1771
Mumbai,410038,Male,40-60,10396,424
Pune,400074,Female,20-40,31759,330
Chennai,410038,Male,60-80,8274,1007
Mumbai,410067,Female,80+,63626,1623
Chennai,410038,Male,60-80,29608,913
Bangalore,400065,Female,20-40,72287,432
Bangalore,410038,Male,40-60,7965,1525
Pune,410067,Female,40-60,95368,354
Pune,410067,Female,20-40,73582,1578
Pune,53000,Female,60-80,10520,812
Bangalore,400074,Female,60-80,73327,1038
Pune,53000,Female,20-40,71656,804
Kolkata,560095,Male,20-40,84476,1405
Pune,400065,Female,40-60,74329,1669
Mumbai,410054,Male,60-80,46931,1348
Mumbai,410054,Female,80+,84419,713
Chennai,400065,Male,40-60,28295,1422
Chennai,410038,Female,40-60,92677,1070
Chennai,560095,Female,80+,51725,1590
Nagpur,410054,Male,80+,25406,207
Nagpur,400065,Female,60-80,57916,907
Bangalore,410054,Female,60-80,71395,891
Chennai,410067,Male,40-60,10482,448
Kolkata,400065,Female,60-80,80077,1587
Nagpur,410067,Female,40-60,36113,733
Pune,53000,Male,20-40,59857,481
Mumbai,53000,Female,20-40,92754,387
Kolkata,560095,Male,80+,98344,271
Chennai,560095,Male,40-60,24580,1746
Kolkata,560095,Female,80+,4185,423
Mumbai,410067,Female,80+,36040,668
Kolkata,400074,Male,40-60,13697,1755
Nagpur,410067,Female,40-60,31979,1044
Mumbai,410054,Male,40-60,57856,895
Bangalore,560095,Female,80+,98258,715
Bangalore,400074,Male,20-40,4637,1088
Kolkata,410038,Male,60-80,11629,938
Chennai,410054,Male,80+,61613,946
Kolkata,560095,Female,60-80,23553,251
Nagpur,400074,Male,80+,55639,1014
Kolkata,560095,Female,80+,83799,1883
Kolkata,400074,Male,40-60,63193,1175
Kolkata,410067,Male,20-40,69068,1142
Kolkata,400074,Male,40-60,95126,1140
Chennai,400065,Male,60-80,2533,1876
Kolkata,53000,Male,60-80,33141,1601
Chennai,410067,Male,60-80,64871,1583
Nagpur,53000,Male,80+,9362,924
Pune,410038,Male,40-60,3533,613
Chennai,410067,Male,40-60,34604,1621
Nagpur,410054,Male,40-60,95978,1796
Bangalore,410038,Male,60-80,43367,1291
Mumbai,560095,Female,20-40,42488,1377
Kolkata,410038,Female,80+,75510,997
Nagpur,400074,Female,20-40,90454,1548
Bangalore,400074,Female,20-40,59966,703
Bangalore,400065,Male,80+,83323,674
Pune,410067,Female,20-40,94073,1831
Mumbai,400074,Female,40-60,86117,1740
Kolkata,410038,Female,40-60,53359,1528
Pune,410054,Male,40-60,90388,1573
Kolkata,400065,Male,80+,33302,1072
Bangalore,400065,Male,60-80,85324,1141
Mumbai,410067,Female,20-40,58778,318
Bangalore,400065,Male,20-40,90593,957
Bangalore,53000,Female,40-60,40328,749
Pune,53000,Female,20-40,75863,225
Kolkata,410038,Male,20-40,99373,1605
Pune,410038,Female,20-40,41588,1557
Mumbai,400065,Male,80+,99751,1435
Nagpur,400074,Male,20-40,42343,1805
Chennai,410067,Female,20-40,27211,1715
Bangalore,400065,Female,20-40,84231,1354
Pune,53000,Female,60-80,21723,234
Bangalore,400074,Female,60-80,94763,833
Nagpur,410067,Male,40-60,62268,1215
Pune,400074,Male,60-80,64588,839
Bangalore,400074,Female,20-40,16787,1263
Bangalore,400074,Female,20-40,75340,270
Nagpur,410054,Female,80+,12976,678
Nagpur,410067,Female,60-80,19589,1804
Nagpur,410038,Female,80+,8140,1655
Mumbai,53000,Male,60-80,89912,1147
Kolkata,410054,Female,60-80,35104,243
Pune,400074,Female,20-40,87789,836
Kolkata,410054,Female,80+,94430,518
Mumbai,400065,Female,60-80,45186,603
Chennai,400065,Male,20-40,62762,707
Mumbai,410038,Male,20-40,16950,733
Nagpur,410067,Female,20-40,42573,376
Kolkata,400074,Female,40-60,16292,1668
Mumbai,400065,Female,40-60,12851,1188
Bangalore,410067,Female,20-40,41794,340
Chennai,400074,Male,20-40,49084,552
Mumbai,560095,Female,20-40,35916,204
Nagpur,400074,Female,60-80,98290,957
Bangalore,53000,Male,20-40,69561,1141
Chennai,410054,Female,20-40,62638,827
Bangalore,410067,Male,80+,79733,1415
Bangalore,410067,Male,80+,53181,549
Bangalore,400065,Female,80+,66513,359
Chennai,410038,Female,80+,88615,219
Pune,410054,Female,20-40,75991,1468
Mumbai,410054,Female,60-80,9640,695
Kolkata,410054,Female,20-40,46527,849
Chennai,53000,Female,20-40,8414,254
Nagpur,53000,Male,40-60,24585,732
Bangalore,53000,Male,80+,72464,1537
Kolkata,53000,Female,80+,47387,419
Pune,560095,Female,80+,20194,1237
Nagpur,410067,Female,20-40,49382,1480
Mumbai,410067,Female,20-40,6702,1782
Kolkata,560095,Female,40-60,57554,654
Chennai,53000,Female,80+,73585,373
Chennai,400074,Female,80+,43077,496
Nagpur,53000,Female,20-40,63753,1211
Bangalore,53000,Female,80+,86793,531
Pune,560095,Female,20-40,76206,1317
Bangalore,410067,Male,40-60,47588,650
Bangalore,400074,Male,40-60,75330,1842
Pune,400074,Female,60-80,21987,699
Bangalore,53000,Female,20-40,76097,1855
Mumbai,410038,Female,40-60,84576,1006
Chennai,560095,Female,20-40,96295,807
Bangalore,560095,Male,60-80,9818,591
Pune,410067,Male,60-80,13613,1528
Chennai,410038,Male,20-40,92606,503
Pune,410067,Male,60-80,99548,1391
Nagpur,410054,Female,20-40,79244,1658
Chennai,410054,Male,80+,61063,1447
Kolkata,400065,Male,60-80,38151,1074
Mumbai,410067,Female,40-60,17765,986
Chennai,400074,Female,40-60,45530,1095
Bangalore,410067,Male,60-80,27827,1174
Chennai,400065,Female,80+,97401,1371
Mumbai,400065,Female,40-60,94817,822
Mumbai,410067,Female,40-60,7800,1128
Kolkata,410054,Female,40-60,54916,1496
Mumbai,560095,Female,60-80,47940,1059
Bangalore,53000,Male,60-80,12443,1674
Nagpur,410038,Female,80+,19493,1778
Kolkata,560095,Male,80+,7531,992
Pune,400065,Female,40-60,82755,1120
Pune,400074,Male,20-40,56810,1437
Kolkata,53000,Male,60-80,19313,1531
Pune,410054,Female,40-60,37662,1736
Mumbai,560095,Male,80+,2906,1403
Bangalore,400065,Female,60-80,22125,1567
Chennai,560095,Female,80+,90531,1550
Kolkata,53000,Female,80+,90263,485
Nagpur,410067,Male,20-40,52635,1630
Pune,410067,Female,40-60,28363,1622
Chennai,400065,Male,80+,65727,315
Pune,400074,Male,20-40,40057,1069
Bangalore,53000,Male,80+,16939,1407
Nagpur,53000,Female,60-80,22341,260
Chennai,410038,Female,20-40,90976,1154
Mumbai,560095,Male,80+,66520,1810
Bangalore,410067,Female,80+,97405,493
Nagpur,410054,Male,20-40,45516,410
Nagpur,400065,Male,40-60,21483,1395
Mumbai,400065,Female,80+,60766,495
Mumbai,410038,Male,80+,54596,1571
Mumbai,410038,Male,80+,58588,1831
Mumbai,560095,Male,40-60,4005,1070
Mumbai,400074,Male,80+,13285,1687
Kolkata,410067,Male,20-40,82114,503
Bangalore,53000,Female,20-40,19963,933
Pune,400074,Female,40-60,53192,1013
Chennai,410067,Female,60-80,70620,1610
Chennai,410038,Female,40-60,5735,288
Bangalore,400074,Female,20-40,65604,383
Pune,560095,Female,80+,44661,720
Chennai,53000,Female,60-80,78156,1527
Bangalore,410038,Female,80+,16158,221
Nagpur,410054,Female,20-40,13841,1514
Kolkata,410054,Male,40-60,47627,1463
Bangalore,410054,Male,60-80,30969,1626
Bangalore,560095,Female,40-60,65857,977
Chennai,53000,Male,40-60,96589,450
Nagpur,410067,Female,80+,73815,1349
Mumbai,560095,Female,80+,25527,1003
Nagpur,410038,Female,20-40,44394,1555
Mumbai,400065,Male,60-80,30486,1127
Kolkata,410054,Male,20-40,15449,1761
Kolkata,400065,Male,20-40,10554,416
Nagpur,400074,Female,40-60,55620,1512
Bangalore,560095,Male,40-60,16780,1471
Mumbai,400074,Male,80+,35989,518
Mumbai,400074,Female,60-80,90212,566
Bangalore,53000,Female,60-80,86956,225
Chennai,53000,Female,20-40,98227,860
Nagpur,410038,Female,80+,60789,1295
Pune,410054,Male,20-40,7888,509
Chennai,53000,Female,40-60,22996,1455
Kolkata,410067,Male,60-80,23508,431
Bangalore,400074,Female,80+,94022,1444
Pune,410038,Male,80+,36860,319
Nagpur,560095,Male,60-80,40105,1634
Nagpur,53000,Female,20-40,75128,1201
Pune,400065,Female,80+,69195,682
Bangalore,53000,Female,20-40,41192,633
Mumbai,410038,Male,20-40,63415,351
Pune,560095,Female,60-80,18802,521
Kolkata,400065,Female,80+,57145,260
Kolkata,410067,Male,40-60,45330,495
Bangalore,53000,Male,20-40,84629,684
Bangalore,410067,Female,60-80,60036,434
Nagpur,410067,Female,60-80,98684,1647
Pune,410067,Male,20-40,3304,1657
Nagpur,560095,Male,20-40,14082,1606
Pune,410067,Male,40-60,61574,1866
Chennai,410038,Male,20-40,58480,882
Nagpur,400074,Female,60-80,70080,1810
Nagpur,560095,Female,20-40,60059,777
Nagpur,410067,Female,20-40,55028,1808
Bangalore,410038,Female,40-60,53211,651
Nagpur,400065,Male,20-40,54815,1646
Pune,400065,Female,80+,6486,729
Pune,560095,Male,40-60,4827,1746
Mumbai,410054,Male,40-60,46593,287
Kolkata,53000,Female,20-40,15639,1280
Mumbai,400074,Male,80+,42381,1897
Bangalore,53000,Male,20-40,45017,1005
Kolkata,400065,Male,80+,18958,603
Pune,53000,Female,40-60,64725,829
Pune,560095,Female,40-60,55697,1516
Pune,410054,Female,80+,56636,753
Mumbai,560095,Female,80+,14482,618
Pune,400065,Male,20-40,73365,1462
Bangalore,560095,Male,40-60,63811,1000
Chennai,410054,Female,60-80,6000,1882
Mumbai,400065,Female,20-40,55288,910
Nagpur,560095,Female,20-40,50843,1191
Kolkata,400065,Female,40-60,81674,1312
Pune,410054,Female,80+,85571,571
Pune,400074,Female,80+,52897,519
Nagpur,400065,Male,80+,24268,501
Kolkata,53000,Male,40-60,61614,228
Chennai,53000,Male,80+,30314,1593
Mumbai,410038,Male,80+,99143,1442
Kolkata,410054,Female,60-80,28709,1576
Kolkata,410067,Female,40-60,50700,1422
Bangalore,53000,Female,20-40,26877,1000
Mumbai,400074,Female,20-40,54958,547
Kolkata,400074,Female,60-80,10253,449
Nagpur,410038,Male,40-60,13954,378
Kolkata,400065,Male,80+,8773,590
Chennai,400065,Male,60-80,74804,616
Bangalore,560095,Male,40-60,56056,1628
Nagpur,410054,Male,40-60,22425,1623
Mumbai,53000,Female,80+,17019,365
Bangalore,410038,Female,80+,19671,892
Pune,410038,Female,80+,70576,1852
Pune,410038,Male,60-80,65416,332
Pune,410054,Female,40-60,96019,431
Pune,400074,Female,20-40,33627,1219
Nagpur,53000,Female,20-40,32544,1379
Nagpur,400065,Male,40-60,98046,960
Bangalore,410054,Female,60-80,52942,1626
Mumbai,410067,Male,80+,83943,1265
Nagpur,400074,Male,20-40,85854,1632
Nagpur,410038,Female,80+,68692,659
Chennai,410054,Male,40-60,30481,273
Mumbai,400065,Male,20-40,71957,1052
Bangalore,53000,Male,20-40,87418,1133
Nagpur,400065,Female,60-80,32661,728
Chennai,400074,Male,40-60,57139,572
Bangalore,560095,Male,60-80,21410,1867
Kolkata,53000,Female,80+,88325,1136
Kolkata,53000,Female,20-40,52122,371
Pune,53000,Male,60-80,4613,885
Pune,400074,Male,40-60,52783,1806
Pune,53000,Female,40-60,95277,1234
Chennai,400065,Male,20-40,3419,1661
Chennai,53000,Female,60-80,69966,1625
Kolkata,410054,Male,80+,72442,534
Chennai,400074,Male,80+,7197,1123
Chennai,400065,Female,40-60,67870,1531
Pune,53000,Female,60-80,12126,984
Pune,400074,Female,40-60,58796,361
Pune,410038,Male,20-40,43228,653
Nagpur,400074,Female,20-40,58002,1181
Pune,410067,Female,20-40,99446,478
Chennai,53000,Male,20-40,58827,1430
Kolkata,400074,Female,80+,92371,1642
Kolkata,410038,Female,60-80,10650,708
Kolkata,53000,Female,40-60,86901,1773
Kolkata,400065,Female,60-80,94714,550
Bangalore,410038,Female,40-60,27402,1830
Pune,410038,Female,60-80,33467,1122
Bangalore,410038,Female,20-40,96295,571
Nagpur,400065,Male,60-80,26753,1764
Nagpur,410054,Male,60-80,62796,661
Nagpur,560095,Male,20-40,28127,1073
Nagpur,53000,Male,40-60,17151,778
Chennai,400074,Male,40-60,23610,1706
Nagpur,410054,Male,60-80,95128,1565
Mumbai,410038,Female,60-80,40294,1264
Chennai,400065,Male,80+,47197,1674
Chennai,410054,Female,80+,65322,376
Mumbai,53000,Male,40-60,56250,631
Pune,400074,Female,20-40,74183,1303
Chennai,53000,Male,20-40,12221,1833
Chennai,410038,Female,80+,87410,1884
Kolkata,560095,Female,60-80,2155,701
Bangalore,560095,Female,40-60,96938,560
Nagpur,410067,Male,60-80,14960,1309
Pune,53000,Male,60-80,36960,649
Chennai,53000,Female,60-80,45309,1706
Bangalore,560095,Female,60-80,59169,1782
Mumbai,410054,Male,40-60,18960,867
Mumbai,410067,Female,80+,15651,276
Mumbai,410038,Male,80+,95293,503
Nagpur,410038,Female,40-60,59810,1600
Mumbai,410054,Male,80+,37178,1405
Bangalore,410054,Female,40-60,25931,1395
Pune,53000,Male,80+,94158,309
Chennai,560095,Male,40-60,13547,1861
Nagpur,400065,Female,20-40,53294,1717
Pune,400074,Male,60-80,38690,258
Kolkata,560095,Female,80+,94363,1836
Bangalore,400065,Male,20-40,47703,1168
Kolkata,53000,Female,80+,81043,706
Pune,560095,Female,80+,29280,612
Pune,400065,Male,80+,39124,1492
Bangalore,560095,Female,60-80,85659,660
Nagpur,53000,Female,60-80,35829,587
Chennai,410054,Male,20-40,56086,824
Kolkata,410067,Female,80+,39431,1547
Kolkata,53000,Female,80+,12003,943
Bangalore,410067,Female,60-80,80624,366
Chennai,410067,Male,40-60,90859,1206
Mumbai,400065,Male,20-40,74055,685
Bangalore,400065,Male,60-80,5115,523
Nagpur,560095,Male,20-40,82829,1175
Mumbai,400074,Female,60-80,36832,1666
Chennai,410038,Male,60-80,74782,1251
Mumbai,560095,Male,20-40,84251,745
Nagpur,410054,Male,40-60,53746,521
Pune,400074,Male,20-40,74468,810
Chennai,400065,Female,80+,32156,958
Kolkata,560095,Male,80+,40317,1503
Chennai,400065,Female,60-80,6709,1229
Kolkata,410038,Male,60-80,30658,1150
Nagpur,410038,Female,20-40,26882,1543
Bangalore,410038,Female,60-80,86753,1642
Chennai,400074,Female,20-40,6575,1053
Pune,53000,Male,60-80,50733,377
Kolkata,410038,Male,80+,76124,1248
Pune,410067,Male,20-40,77665,243
Kolkata,560095,Female,20-40,48835,878
Nagpur,400074,Male,60-80,91685,1173
Mumbai,410038,Male,20-40,94445,435
Mumbai,560095,Female,80+,52691,1683
Pune,410054,Female,40-60,67085,1853
Nagpur,400065,Male,80+,25345,1653
Mumbai,560095,Male,60-80,21483,1661
Bangalore,400074,Male,20-40,78136,1696
Mumbai,410054,Female,40-60,51324,884
Pune,53000,Male,60-80,80860,774
Chennai,410067,Female,20-40,11760,1067
Kolkata,410067,Female,80+,12037,886
Pune,410067,Male,40-60,76193,1055
Kolkata,560095,Female,60-80,18924,889
Chennai,410067,Female,40-60,46276,286
Nagpur,560095,Male,20-40,86776,724
Nagpur,53000,Female,40-60,63118,727
Kolkata,410038,Female,20-40,21203,1007
Nagpur,400074,Female,60-80,62096,822
Kolkata,53000,Female,80+,32535,1185
Bangalore,53000,Male,80+,68264,1297
Nagpur,400074,Male,20-40,54850,963
Nagpur,400065,Male,20-40,97737,1788
Nagpur,410038,Male,20-40,96387,308
Mumbai,560095,Female,20-40,90279,634
Nagpur,400065,Female,40-60,68265,1020
Nagpur,400065,Female,60-80,68594,1779
Nagpur,400074,Female,80+,24200,290
Chennai,53000,Male,20-40,63474,462
Kolkata,560095,Male,20-40,31375,1253
Chennai,400065,Female,60-80,74963,1563
Chennai,400065,Male,40-60,12226,969
Bangalore,400065,Female,80+,82960,532
Mumbai,400074,Male,20-40,92184,1854
Kolkata,410067,Female,20-40,56075,598
Pune,53000,Female,20-40,25416,1152
Nagpur,560095,Female,40-60,39251,300
Pune,410067,Male,20-40,32205,1793
Pune,410038,Male,40-60,76699,1845
Bangalore,560095,Female,40-60,62262,654
Bangalore,410038,Female,20-40,56598,1400
Kolkata,560095,Male,40-60,97027,1440
Kolkata,410038,Male,60-80,63517,1546
Kolkata,400065,Male,80+,56120,939
Bangalore,560095,Male,40-60,56449,937
Mumbai,410054,Female,40-60,80425,696
Bangalore,410054,Male,20-40,71662,1284
Bangalore,560095,Female,40-60,56807,1328
Pune,400074,Female,80+,74345,403
Kolkata,560095,Female,40-60,16344,573
Chennai,410054,Female,20-40,69396,1144
Mumbai,410038,Female,80+,5697,1200
Mumbai,400074,Female,40-60,80333,1853
Bangalore,410038,Male,40-60,92070,1122
Pune,410067,Male,60-80,86420,1075
Pune,400065,Male,20-40,4516,1790
Chennai,53000,Male,20-40,24218,215
Kolkata,560095,Female,60-80,5939,1206
Mumbai,410038,Male,80+,9423,1642
Mumbai,400074,Female,20-40,12847,729
Mumbai,53000,Female,80+,89283,1673
Mumbai,400065,Male,20-40,20673,1014
Mumbai,400065,Male,80+,16204,826
Mumbai,400065,Male,40-60,66336,1543
Kolkata,53000,Male,60-80,45433,626
Chennai,410054,Female,40-60,67652,721
Mumbai,400065,Female,60-80,72966,1738
Bangalore,410054,Female,40-60,62829,1759
Pune,410054,Male,40-60,94223,1611
Nagpur,410067,Female,60-80,26175,694
Chennai,400065,Male,20-40,27303,609
Kolkata,400074,Male,60-80,46759,1568
Chennai,400074,Female,60-80,80201,1084
Nagpur,410038,Female,20-40,7287,719
Nagpur,400065,Female,20-40,26515,840
Nagpur,400065,Female,80+,3333,929
Kolkata,53000,Female,40-60,38853,1680
Kolkata,53000,Female,20-40,87184,1039
Nagpur,410038,Female,40-60,52291,1362
Bangalore,410054,Male,60-80,7737,996
Chennai,560095,Male,80+,36988,1438
Kolkata,410054,Female,80+,4463,676
Bangalore,410038,Male,80+,29464,1699
Chennai,560095,Female,80+,41082,736
Mumbai,410067,Male,80+,70228,641
Pune,410054,Male,60-80,79257,388
Mumbai,400065,Female,40-60,46951,1237
Chennai,400065,Male,20-40,61410,1359
Pune,560095,Male,20-40,29990,370
Kolkata,400065,Female,60-80,11043,1457
Mumbai,410054,Female,60-80,66371,997
Nagpur,400074,Female,20-40,9504,519
Mumbai,560095,Male,20-40,30462,894
Pune,410067,Male,80+,93380,429
Mumbai,400074,Female,80+,56984,315
Nagpur,410054,Female,60-80,20960,368
Chennai,410038,Male,60-80,76899,1090
Bangalore,410067,Female,40-60,42596,1192
Mumbai,400074,Female,20-40,46796,279
Chennai,410067,Male,60-80,83544,674
Bangalore,410038,Male,20-40,16188,208
Kolkata,560095,Male,80+,94106,851
Kolkata,410067,Female,60-80,62335,351
Pune,53000,Female,80+,53959,1270
Kolkata,410038,Female,80+,96953,1435
Nagpur,400074,Female,80+,20650,1756
Chennai,410067,Female,20-40,53017,1223
Bangalore,410038,Male,40-60,43834,1598
Mumbai,53000,Male,40-60,28942,253
Chennai,400074,Male,80+,99800,1381
Kolkata,410038,Male,40-60,5020,1509
Kolkata,560095,Male,80+,42612,1575
Chennai,410067,Male,80+,6211,1745
Nagpur,400074,Female,20-40,87538,774
Nagpur,560095,Female,80+,25984,1609
Chennai,410054,Female,40-60,24897,1689
Kolkata,410054,Female,20-40,36862,1333
Kolkata,410067,Female,80+,77859,338
Bangalore,410038,Female,60-80,29293,824
Kolkata,53000,Female,20-40,64097,1789
Pune,53000,Female,60-80,19178,250
Bangalore,400065,Male,40-60,16137,892
Bangalore,560095,Male,20-40,55722,1312
Bangalore,410054,Male,80+,52217,420
Kolkata,400065,Female,80+,58909,1286
Bangalore,560095,Male,60-80,63837,348
Chennai,410067,Female,40-60,57180,1574
Nagpur,53000,Male,60-80,15957,415
Mumbai,410067,Male,80+,29144,574
Pune,400065,Male,80+,13403,1210
Mumbai,400074,Male,80+,36959,974
Pune,400065,Female,80+,95865,1320
Bangalore,560095,Female,60-80,54756,1374
Kolkata,53000,Male,80+,73100,1386
Kolkata,560095,Female,60-80,32562,792
Mumbai,410054,Male,80+,86718,1160
Kolkata,410038,Male,60-80,10319,298
Mumbai,560095,Male,60-80,93065,1299
Kolkata,410067,Male,60-80,53589,779
Kolkata,400074,Male,40-60,44651,223
Chennai,560095,Female,80+,4940,1271
Mumbai,53000,Female,40-60,48305,1486
Nagpur,400065,Male,20-40,43531,1353
Pune,410067,Female,80+,65857,1406
Kolkata,410054,Female,60-80,5428,1523
Pune,53000,Female,80+,86745,1135
Pune,53000,Male,80+,20098,329
Kolkata,410067,Female,40-60,64759,1584
Nagpur,410067,Female,80+,78019,1606
Nagpur,400074,Male,40-60,43933,813
Pune,53000,Male,20-40,42085,727
Bangalore,410054,Male,80+,79212,1639
Chennai,400065,Male,60-80,86815,578
Mumbai,400065,Female,80+,11621,1733
Pune,410054,Female,60-80,11911,774
Kolkata,560095,Male,80+,40088,494
Mumbai,410054,Female,40-60,16070,620
Pune,410054,Male,20-40,48448,1900
Pune,410067,Female,80+,66016,724
Chennai,410054,Male,40-60,67118,235
Pune,410038,Male,60-80,52291,766
Kolkata,410038,Male,40-60,40235,1889
Chennai,560095,Male,20-40,55743,1075
Bangalore,410054,Male,60-80,97114,216
Kolkata,410038,Male,40-60,75678,448
Chennai,560095,Female,80+,9652,1863
Nagpur,410054,Male,80+,57988,1761
Bangalore,53000,Female,20-40,89317,1747
Pune,410067,Female,80+,53877,663
Nagpur,410038,Male,60-80,98757,1886
Pune,410054,Female,80+,72920,936
Chennai,400065,Female,80+,30230,1525
Pune,400074,Female,40-60,92753,763
Mumbai,410067,Female,60-80,83142,1130
Bangalore,53000,Female,60-80,51329,1299
Bangalore,410038,Female,60-80,61713,445
Pune,410054,Male,80+,17822,547
Chennai,400074,Male,40-60,81964,224
Chennai,410038,Male,60-80,50765,1412
Kolkata,410038,Male,40-60,78783,1872
Pune,410038,Female,40-60,86690,379
Chennai,400074,Male,80+,91309,634
Bangalore,400074,Male,40-60,10785,492
Mumbai,410067,Female,60-80,98109,1827
Mumbai,410067,Male,20-40,13328,1662
Kolkata,410067,Female,60-80,50683,922
Nagpur,400065,Male,60-80,70382,1886
Kolkata,560095,Male,60-80,36812,332
Bangalore,410038,Female,80+,4197,349
Chennai,560095,Male,20-40,58608,887
Chennai,400065,Female,80+,14741,1343
Pune,53000,Female,20-40,72189,831
Pune,400065,Male,20-40,59260,1134
Nagpur,410054,Female,40-60,51482,1188
Nagpur,410067,Male,40-60,78638,1330
Chennai,410067,Male,20-40,17698,848
Nagpur,410067,Male,20-40,45621,1555
Mumbai,53000,Female,20-40,78751,1280
Chennai,400065,Female,40-60,30425,1865
Chennai,410054,Male,60-80,94433,902
Bangalore,53000,Female,80+,2468,511
Chennai,400074,Female,80+,12302,1800
Nagpur,400065,Female,60-80,21179,1048
Nagpur,410067,Female,60-80,72756,1758
Mumbai,400065,Female,60-80,3602,1774
Pune,400074,Male,80+,8625,1143
Nagpur,400065,Female,40-60,18755,1600
Kolkata,410067,Male,40-60,7890,1770
Mumbai,400074,Male,20-40,29584,1435
Pune,400065,Male,80+,66336,1811
Kolkata,53000,Male,60-80,83824,727
Mumbai,400074,Male,80+,90932,1769
Pune,400065,Female,80+,52277,1406
Mumbai,410054,Male,40-60,79220,911
Mumbai,400065,Male,80+,29327,339
Bangalore,400065,Male,20-40,61463,650
Kolkata,53000,Male,60-80,20608,951
Nagpur,400074,Male,20-40,78791,1420
Kolkata,400065,Male,80+,85365,607
Bangalore,410067,Female,40-60,80714,1343
Nagpur,560095,Male,60-80,49082,254
Mumbai,53000,Female,40-60,76902,1422
Bangalore,400074,Female,20-40,37891,576
Pune,560095,Male,20-40,63197,781
Pune,410067,Female,60-80,37953,767
Pune,400065,Male,20-40,22992,1100
Pune,410038,Female,20-40,66916,758
Mumbai,410067,Female,60-80,77927,701
Mumbai,400065,Male,40-60,51922,1288
Mumbai,53000,Female,20-40,46939,1799
Chennai,400074,Female,60-80,59884,1718
Bangalore,400074,Female,20-40,58931,800
Chennai,53000,Female,20-40,74948,1302
Pune,410067,Male,60-80,10588,1257
Chennai,400074,Female,20-40,93479,1096
Chennai,400074,Female,60-80,88479,517
Mumbai,400065,Male,40-60,85920,512
Kolkata,53000,Female,80+,17267,425
Pune,410054,Male,80+,52403,1724
Bangalore,410054,Male,60-80,46933,1849
Pune,410038,Male,60-80,99917,1840
Mumbai,400065,Female,40-60,84613,919
Mumbai,400065,Female,60-80,36739,1611
Kolkata,53000,Female,40-60,92393,1279
Mumbai,410067,Female,60-80,7994,1838
Chennai,410038,Male,80+,58580,1329
Nagpur,53000,Male,60-80,86804,408
Bangalore,410038,Female,40-60,73755,1114
Chennai,53000,Female,20-40,98725,1850
Pune,560095,Male,80+,26578,1524
Nagpur,400074,Male,60-80,68361,788
Mumbai,560095,Male,80+,29860,250
Kolkata,410054,Male,40-60,92378,1043
Chennai,410054,Male,60-80,76468,1055
Bangalore,410067,Male,80+,32289,1653
Bangalore,410038,Female,40-60,77587,1884
Nagpur,400065,Female,20-40,25446,771
Pune,400065,Female,80+,52198,1321
Pune,410067,Female,80+,15572,512
Nagpur,400074,Male,20-40,25580,1064
Chennai,400074,Male,80+,86553,784
Chennai,400074,Female,60-80,77582,1552
Nagpur,53000,Female,80+,46533,460
Chennai,410067,Female,40-60,79935,476
Nagpur,400074,Male,60-80,96800,1512
Bangalore,410067,Male,80+,88164,1237
Kolkata,560095,Female,40-60,83814,1774
Mumbai,410054,Male,40-60,15424,808
Mumbai,410054,Female,80+,56534,1065
Bangalore,410067,Male,40-60,48698,1849
Kolkata,410054,Male,60-80,55686,1343
Pune,410067,Female,80+,27614,605
Mumbai,410067,Male,40-60,96235,619
Mumbai,400074,Female,40-60,74004,1193
Nagpur,410038,Female,60-80,89398,1717
Mumbai,400065,Male,40-60,3661,1565
Chennai,400065,Male,80+,70457,1859
Nagpur,410038,Male,20-40,68854,401
Chennai,410038,Male,20-40,60486,392
Chennai,410038,Male,80+,61753,1733
Pune,53000,Male,40-60,28851,444
Mumbai,53000,Female,20-40,86794,1684
Nagpur,560095,Male,60-80,49104,1484
Kolkata,410054,Male,20-40,62853,1576
Nagpur,410054,Male,20-40,83212,1839
Nagpur,560095,Male,80+,32691,896
Kolkata,53000,Male,60-80,15179,364
Nagpur,410067,Male,80+,85951,1288
Pune,400074,Female,20-40,29229,792
Mumbai,560095,Male,60-80,30420,1682
Bangalore,400074,Male,40-60,62045,751
Kolkata,410054,Male,80+,21315,1096
Nagpur,410038,Male,40-60,14582,1211
Mumbai,410038,Male,80+,17614,1351
Nagpur,400074,Female,60-80,93819,414
Kolkata,410038,Male,80+,80414,1295
Mumbai,400065,Female,60-80,21184,801
Pune,560095,Female,60-80,83823,1062
Chennai,560095,Female,60-80,71408,1148
Kolkata,410038,Male,60-80,18558,207
Nagpur,53000,Male,20-40,77423,1801
Mumbai,53000,Male,60-80,3676,339
Nagpur,53000,Male,60-80,84476,1047
Mumbai,410054,Female,80+,72793,1718
Kolkata,53000,Male,40-60,97401,579
Mumbai,53000,Female,80+,67318,1513
Nagpur,410054,Female,80+,76267,1626
Bangalore,53000,Male,60-80,77979,1761
Kolkata,400074,Female,40-60,69282,1314
Nagpur,400074,Female,80+,23068,892
Chennai,560095,Female,80+,34943,1112
Kolkata,560095,Female,40-60,93241,1263
Nagpur,410038,Female,80+,10831,1751
Kolkata,410038,Male,20-40,28620,1204
Bangalore,410067,Male,40-60,45809,1196
Kolkata,410067,Male,80+,51451,372
Mumbai,410067,Female,80+,36262,1856
Bangalore,400065,Female,40-60,93994,579
Nagpur,53000,Male,40-60,85175,747
Mumbai,410067,Female,80+,89844,518
Nagpur,400074,Male,60-80,51726,219
Chennai,53000,Male,20-40,43759,1025
Chennai,410038,Male,60-80,53215,755
Mumbai,410054,Female,20-40,5543,1189
Mumbai,400074,Male,60-80,90421,842
Mumbai,53000,Male,80+,7129,874
Kolkata,410038,Female,60-80,6477,1619
Mumbai,410067,Male,40-60,49211,845
Kolkata,53000,Male,80+,70063,1145
Nagpur,410038,Male,80+,80914,1640
Bangalore,560095,Female,60-80,28962,265
Pune,400065,Male,80+,43227,307
Pune,53000,Male,20-40,17054,941
Chennai,410067,Female,20-40,64538,1016
Kolkata,560095,Male,60-80,3976,1866
Kolkata,53000,Male,80+,23880,499
Chennai,400074,Female,40-60,33341,1118
Pune,560095,Male,40-60,19331,895
Kolkata,410038,Female,40-60,28845,693
Chennai,410067,Male,20-40,88538,1749
Bangalore,400074,Female,40-60,63818,488
Mumbai,410054,Female,60-80,85329,647
Mumbai,400074,Female,40-60,25805,1251
Pune,53000,Male,60-80,25563,251
Pune,400074,Female,80+,21790,1134
Kolkata,53000,Female,20-40,56401,744
Chennai,560095,Female,60-80,25999,1357
Nagpur,410067,Female,60-80,34796,730
Mumbai,410067,Male,60-80,91183,1565
Pune,410054,Female,60-80,82708,1742
Nagpur,410067,Male,60-80,77454,346
Bangalore,410054,Male,80+,59351,970
Nagpur,400074,Female,60-80,20424,1101
Chennai,400065,Male,40-60,15748,1361
Bangalore,400065,Female,40-60,96865,1588
Mumbai,560095,Male,40-60,56360,265
Bangalore,410067,Male,60-80,48854,1510
Bangalore,53000,Male,60-80,11582,907
Bangalore,400065,Male,80+,54204,1744
Mumbai,400074,Female,20-40,71241,789
Nagpur,410054,Male,40-60,85240,1750
Nagpur,410067,Female,20-40,65559,1194
Mumbai,410038,Female,20-40,18681,1284
Bangalore,560095,Male,20-40,46276,1244
Mumbai,400065,Female,60-80,86432,1466
Nagpur,53000,Male,60-80,14679,515
Pune,400074,Male,80+,83534,1320
Mumbai,400065,Male,60-80,11838,1087
Nagpur,400065,Female,40-60,62626,1098
Pune,560095,Female,60-80,93882,1582
Mumbai,400065,Female,20-40,26661,1249
Kolkata,410054,Male,60-80,17128,1090
Bangalore,53000,Female,80+,96263,777
Chennai,410038,Female,20-40,16086,775
Mumbai,410054,Male,60-80,96855,514
Chennai,410067,Female,40-60,49992,1457
Pune,53000,Male,40-60,74057,359
Nagpur,53000,Female,60-80,55950,326
Mumbai,410054,Female,40-60,51903,491
Kolkata,410067,Female,20-40,18605,528
Kolkata,53000,Female,20-40,70983,1445
Pune,410054,Male,80+,23644,919
Chennai,53000,Female,20-40,79722,1290
Chennai,410038,Male,60-80,3655,1008
Nagpur,410067,Male,40-60,69832,938
Kolkata,53000,Male,80+,86725,592
Mumbai,53000,Female,40-60,96897,1150
Pune,410054,Male,20-40,29546,207
Mumbai,53000,Male,80+,69269,573
Chennai,410054,Male,20-40,85816,723
Kolkata,410054,Male,60-80,18126,430
Pune,400074,Male,60-80,42432,624
Chennai,560095,Male,20-40,41243,785
Nagpur,410054,Male,80+,64437,1328
Chennai,400065,Female,80+,86980,1851
Nagpur,53000,Male,40-60,4972,894
Nagpur,410038,Female,80+,50830,1802
Bangalore,53000,Male,60-80,45735,346
Nagpur,410038,Female,40-60,22660,975
Bangalore,410054,Female,40-60,29345,643
Kolkata,53000,Male,60-80,41460,1395
Chennai,400074,Male,40-60,73803,396
Pune,410054,Female,40-60,22859,978
Bangalore,410054,Female,20-40,28907,1678
Mumbai,410054,Female,20-40,73365,1068
Nagpur,410054,Female,80+,53997,1258
Bangalore,560095,Male,60-80,73672,1500
Mumbai,560095,Male,80+,76382,440
Mumbai,560095,Female,20-40,89082,1799
Chennai,560095,Male,20-40,5489,698
Bangalore,53000,Female,40-60,23480,1315
Kolkata,410038,Male,60-80,10262,1531
Chennai,410054,Male,40-60,55649,615
Pune,400074,Male,80+,63255,503
Chennai,410038,Female,20-40,81970,1176
Nagpur,410054,Male,60-80,97915,475
Chennai,400065,Male,40-60,84046,797
Bangalore,53000,Male,20-40,36998,1726
Mumbai,400074,Male,20-40,56541,319
Nagpur,400065,Female,80+,76207,1046
Pune,560095,Female,60-80,35560,215
Kolkata,400065,Male,60-80,85949,1248
Pune,400074,Female,20-40,54843,432
Kolkata,560095,Female,20-40,37442,398
Bangalore,400074,Female,40-60,56364,1014
Chennai,53000,Female,40-60,44983,211
Nagpur,400065,Female,20-40,3733,1175
Mumbai,53000,Female,40-60,52195,1768
Pune,53000,Female,60-80,37144,860
Mumbai,410054,Female,20-40,89174,941
Bangalore,410067,Male,40-60,43510,210
Pune,560095,Female,40-60,75930,1283
Mumbai,410067,Male,20-40,65730,1422
Nagpur,400065,Female,80+,63984,378
Chennai,53000,Male,20-40,56647,763
Pune,560095,Female,40-60,76759,781
Bangalore,410038,Female,60-80,47186,1643
Bangalore,410067,Male,20-40,37245,1517
Pune,410054,Female,20-40,29171,1234
Nagpur,410067,Male,40-60,26256,362
Nagpur,400074,Male,40-60,51159,1769
Chennai,560095,Male,80+,29293,249
Pune,410054,Male,60-80,38818,880
Nagpur,400065,Female,40-60,67768,1453
Pune,410054,Male,60-80,38565,364
Mumbai,410054,Female,40-60,18093,1185
Nagpur,410067,Male,60-80,32089,1126
Bangalore,410054,Female,60-80,66882,705
Chennai,410038,Female,40-60,87157,1062
Chennai,410067,Male,60-80,45772,1290
Bangalore,400065,Female,60-80,20770,368
Kolkata,53000,Male,40-60,23475,817
Kolkata,410038,Male,40-60,19401,321
Nagpur,400074,Female,80+,70726,781
Bangalore,410054,Female,80+,51395,764
Nagpur,53000,Male,40-60,36869,504
Bangalore,400074,Male,40-60,38450,748
Kolkata,410067,Male,60-80,82791,1592
Pune,560095,Female,80+,99489,1258
Pune,410054,Male,20-40,75316,247
Bangalore,410038,Male,80+,18340,552
Pune,410038,Male,40-60,62973,1727
Nagpur,560095,Female,40-60,72169,458
Bangalore,560095,Female,40-60,12517,1195
Chennai,400065,Male,20-40,23540,1038
Nagpur,410067,Female,40-60,21973,303
Kolkata,53000,Female,60-80,43998,1681
Chennai,560095,Female,20-40,98360,1157
Mumbai,53000,Male,80+,58744,444
Bangalore,410067,Female,80+,56411,355
Chennai,53000,Female,20-40,43585,1050
Mumbai,400074,Male,60-80,45493,874
Mumbai,410038,Male,20-40,52811,752
Bangalore,400065,Male,40-60,59671,1280
Kolkata,560095,Female,40-60,10630,382
Pune,410038,Male,40-60,80411,1339
Bangalore,53000,Male,20-40,14490,726
Mumbai,410054,Male,60-80,40447,1347
Bangalore,410038,Female,80+,79533,972
Pune,410054,Male,40-60,88538,1700
Kolkata,410067,Male,80+,75399,603
Bangalore,410054,Female,80+,57685,365
Pune,410038,Female,80+,55254,1712
Kolkata,410067,Female,80+,4677,1273
Nagpur,53000,Male,20-40,76876,291
Kolkata,410038,Female,60-80,49587,1601
Pune,410067,Female,40-60,36339,1304
Mumbai,410038,Male,80+,89675,378
Nagpur,560095,Male,80+,38233,814
Chennai,400074,Female,20-40,91156,1244
Mumbai,410067,Male,20-40,10863,733
Pune,410038,Female,60-80,27916,852
Pune,400074,Female,60-80,89891,1406
Nagpur,53000,Female,40-60,86063,780
Mumbai,410067,Female,20-40,75043,1703
Nagpur,410038,Male,60-80,37521,1505
Mumbai,560095,Male,20-40,24995,1816
Pune,560095,Male,60-80,19131,1377
Pune,410067,Male,20-40,48788,256
Mumbai,400074,Male,40-60,14340,1552
Bangalore,560095,Female,40-60,66372,409
Chennai,410067,Female,40-60,64416,1875
Kolkata,400074,Female,60-80,78259,1218
Pune,400074,Female,80+,51325,1194
Kolkata,410054,Female,80+,6158,1376
Mumbai,53000,Male,40-60,78095,1494
Chennai,410067,Female,20-40,7275,1866
Pune,53000,Female,40-60,91269,466
Mumbai,400065,Female,40-60,97672,1624
Nagpur,400074,Male,40-60,21652,483
Kolkata,400074,Female,20-40,16448,1044
Pune,400074,Female,40-60,41960,469
Kolkata,410054,Female,80+,85964,1620
Bangalore,560095,Male,60-80,53165,1595
Bangalore,560095,Female,40-60,62836,972
Bangalore,400065,Male,80+,77311,1145
Pune,400065,Female,80+,63545,709
Kolkata,400065,Male,80+,95421,960
Bangalore,410038,Male,80+,73612,1816
Kolkata,400074,Female,20-40,51597,723
Chennai,410067,Male,60-80,22985,1528
Chennai,560095,Male,80+,15376,888
Bangalore,560095,Male,20-40,75481,1072
Kolkata,410067,Female,60-80,71861,922
Chennai,410038,Male,80+,21580,882
Bangalore,53000,Male,40-60,11665,1846
Nagpur,410038,Male,60-80,11773,1249
Pune,53000,Male,20-40,9585,453
Mumbai,410038,Female,80+,62453,556
Mumbai,400065,Male,60-80,74621,1496
Kolkata,400065,Male,80+,62293,862
Kolkata,53000,Male,20-40,55679,1776
Bangalore,410054,Female,40-60,54634,1787
Bangalore,53000,Female,80+,86737,1715
Mumbai,53000,Male,60-80,15976,1479
Mumbai,410054,Male,20-40,2840,821
Chennai,410038,Male,40-60,41292,1304
Kolkata,410067,Male,60-80,79390,1769
Kolkata,53000,Male,60-80,21244,557
Kolkata,410067,Male,40-60,10325,1107
Bangalore,410067,Female,20-40,68848,1141
Mumbai,400074,Male,20-40,79734,498
Bangalore,400065,Female,60-80,61644,842
Mumbai,53000,Male,40-60,27210,1817
Nagpur,400074,Male,40-60,18186,1165
Kolkata,560095,Female,20-40,61293,782
Chennai,400074,Female,60-80,85737,239
Bangalore,410038,Male,80+,87403,1549
Nagpur,410038,Male,20-40,27069,1388
Chennai,560095,Female,20-40,42464,1645
Nagpur,560095,Female,20-40,83714,1155
Chennai,53000,Female,60-80,42266,1765
Pune,410038,Male,60-80,38467,307
Mumbai,400065,Male,40-60,71273,1560
Nagpur,410054,Female,80+,82530,1707
Pune,560095,Male,80+,70406,1091
Nagpur,410038,Male,20-40,91028,495
Mumbai,410038,Female,60-80,39425,881
Chennai,400074,Male,60-80,19947,930
Mumbai,560095,Male,40-60,91693,1644
Nagpur,400074,Male,80+,6475,1895
Chennai,53000,Male,40-60,5014,243
Chennai,53000,Female,60-80,12050,913
Kolkata,410054,Male,80+,78631,1707
Pune,53000,Female,40-60,97138,365
Kolkata,410054,Female,80+,83588,440
Pune,400074,Female,60-80,12936,1722
Bangalore,410054,Female,20-40,73987,1503
Bangalore,400065,Male,80+,17488,204
Pune,53000,Male,80+,54333,1487
Pune,53000,Male,60-80,11175,1416
Kolkata,560095,Male,20-40,30513,367
Nagpur,400074,Female,40-60,13282,1874
Chennai,400065,Male,20-40,93809,210
Mumbai,400065,Female,60-80,49864,456
Chennai,400074,Female,20-40,66437,1200
Pune,410054,Male,20-40,22146,774
Mumbai,53000,Male,20-40,40996,1046
Chennai,400074,Female,80+,79839,1480
Kolkata,410067,Female,20-40,94238,1464
Nagpur,410054,Male,80+,41073,768
Nagpur,400074,Male,40-60,29455,677
Chennai,400065,Male,20-40,41910,1833
Mumbai,560095,Male,60-80,78139,1091
Kolkata,53000,Male,40-60,8972,1417
Nagpur,560095,Male,60-80,52764,1422
Pune,400065,Female,20-40,27409,1319
Chennai,410067,Male,20-40,31478,1170
Nagpur,410038,Male,20-40,44859,1062
Pune,560095,Male,40-60,35008,860
Nagpur,400074,Female,20-40,83130,623
Mumbai,410054,Female,80+,34291,234
Kolkata,400065,Male,40-60,84266,1384
Mumbai,560095,Male,80+,38701,233
Nagpur,560095,Female,40-60,51523,1488
Nagpur,400074,Male,40-60,66201,859
Nagpur,410054,Male,80+,31523,859
Mumbai,400065,Male,40-60,13733,445
Nagpur,53000,Male,60-80,59583,295
Nagpur,400065,Female,20-40,11572,1009
Chennai,410038,Male,60-80,79489,483
Kolkata,410038,Female,20-40,42051,643
Bangalore,560095,Male,60-80,52473,628
Chennai,410038,Female,80+,54173,307
Pune,410054,Female,80+,46882,986
Kolkata,410038,Female,60-80,79992,1710
Mumbai,560095,Female,40-60,95399,1791
Mumbai,410054,Male,20-40,56667,1079
Bangalore,410054,Male,80+,62992,1275
Mumbai,410054,Male,80+,36681,1725
Kolkata,560095,Female,60-80,28298,1504
Pune,400074,Male,60-80,63128,1555
Chennai,410038,Female,40-60,35769,403
Kolkata,400065,Male,60-80,51430,1129
Pune,560095,Female,80+,34685,582
Chennai,400065,Male,40-60,29793,297
Mumbai,400074,Female,60-80,15656,1158
Kolkata,410067,Female,20-40,13921,1463
Kolkata,410038,Female,40-60,50739,1552
Kolkata,410067,Female,60-80,90665,908
Chennai,410067,Female,60-80,8904,318
Kolkata,560095,Male,40-60,68339,1296
Nagpur,53000,Male,20-40,26968,1361
Kolkata,400065,Female,60-80,14478,655
Bangalore,400074,Male,60-80,30175,1451
Bangalore,400074,Male,80+,6895,1252
Pune,410038,Female,20-40,94268,1007
Nagpur,410054,Female,20-40,78852,1336
Nagpur,410067,Male,40-60,25245,762
Kolkata,410038,Female,60-80,82119,307
Nagpur,400065,Female,60-80,21943,918
Bangalore,400074,Female,20-40,37716,1259
Chennai,410054,Male,40-60,21448,1762
Kolkata,400074,Female,20-40,28975,520
Pune,560095,Female,40-60,91538,1093
Kolkata,400065,Female,40-60,90041,1548
Mumbai,400074,Male,80+,70554,1005
Mumbai,400065,Male,40-60,26196,1541
Mumbai,560095,Female,40-60,27557,1727
Bangalore,400074,Male,40-60,70332,1272
Bangalore,560095,Female,60-80,51853,999
Chennai,400074,Male,60-80,52616,673
Bangalore,410038,Female,20-40,90534,1205
Bangalore,400074,Male,80+,41750,1424
Kolkata,410054,Male,40-60,87449,1063
Pune,400074,Male,40-60,85893,1632
Bangalore,53000,Female,60-80,66501,1510
Nagpur,400065,Female,40-60,78938,310
Kolkata,400065,Female,20-40,49735,1600
Pune,400065,Male,20-40,57936,1718
Bangalore,53000,Male,80+,2314,923
Kolkata,400065,Male,20-40,91644,1312
Bangalore,410067,Female,40-60,39169,1326
Kolkata,410067,Female,40-60,90457,1414
Kolkata,560095,Female,40-60,42726,743
Bangalore,53000,Male,40-60,5438,897
Nagpur,400065,Male,80+,42495,1702
Chennai,410054,Female,40-60,27656,1118
Chennai,410054,Male,20-40,18924,1702
Mumbai,410038,Female,20-40,99026,990
Chennai,400074,Female,20-40,33346,741
Bangalore,560095,Female,60-80,97571,777
Kolkata,560095,Female,40-60,79142,638
Bangalore,560095,Male,80+,10385,288
Kolkata,53000,Male,80+,96885,975
Bangalore,410067,Female,80+,21717,810
Mumbai,53000,Male,40-60,52480,224
Mumbai,560095,Male,80+,50944,872
Pune,53000,Male,40-60,58961,646
Pune,400074,Male,80+,70178,393
Chennai,410067,Female,80+,12703,1742
Kolkata,53000,Female,80+,10339,967
Mumbai,560095,Male,60-80,2658,652
Pune,53000,Male,60-80,90570,1638
Mumbai,53000,Female,80+,99783,368
Mumbai,410038,Male,60-80,30890,1684
Mumbai,400065,Male,40-60,60857,493
Bangalore,400074,Male,40-60,95647,536
Mumbai,410038,Female,20-40,2384,1328
Bangalore,560095,Female,20-40,87431,1078
Mumbai,560095,Female,60-80,78946,1224
Mumbai,400065,Female,20-40,61757,721
Chennai,400074,Female,60-80,76456,645
Kolkata,53000,Male,60-80,66180,1788
Mumbai,400074,Female,40-60,49924,1679
Pune,53000,Female,40-60,47935,1015
Chennai,410067,Female,80+,78922,1840
Mumbai,400065,Male,60-80,62797,224
Mumbai,400065,Male,80+,27933,687
Kolkata,410054,Female,40-60,5638,1734
Kolkata,400074,Female,80+,34667,1729
Bangalore,410038,Male,20-40,63532,803
Kolkata,410054,Female,80+,19288,1650
Kolkata,410067,Male,20-40,59038,213
Chennai,410067,Male,60-80,52232,1543
Pune,410067,Female,60-80,19056,234
Chennai,560095,Male,60-80,91174,1744
Pune,53000,Female,20-40,6751,1073
Nagpur,410067,Male,20-40,13099,209
Bangalore,410038,Male,60-80,96372,920
Chennai,400074,Female,40-60,2080,777
Chennai,400065,Female,60-80,35310,1787
Chennai,410054,Female,80+,95257,1145
Chennai,400074,Male,80+,38986,1210
Bangalore,410054,Male,80+,96629,1791
Chennai,560095,Male,40-60,37828,449
Pune,53000,Male,60-80,85918,1407
Pune,400065,Male,40-60,21122,233
Nagpur,560095,Male,20-40,69083,743
Kolkata,53000,Female,20-40,9960,857
Mumbai,410067,Male,20-40,50507,413
Nagpur,53000,Male,20-40,71320,1673
Nagpur,410054,Male,60-80,94432,1205
Nagpur,410054,Male,20-40,4887,878
Nagpur,410038,Male,40-60,40148,235
Bangalore,410067,Female,40-60,60301,1488
Pune,53000,Male,40-60,76542,838
Mumbai,410038,Male,40-60,79710,1643
Mumbai,560095,Male,20-40,85999,878
Kolkata,400065,Female,60-80,15256,712
Bangalore,53000,Male,80+,95129,537
Nagpur,400065,Male,20-40,49544,250
Nagpur,410054,Female,80+,40768,467
Bangalore,410067,Female,60-80,94407,1164
Nagpur,410054,Female,80+,59400,1775
Bangalore,410067,Female,40-60,93495,866
Pune,410038,Male,80+,68129,1563
Pune,410038,Female,80+,69647,1061
Chennai,410054,Male,80+,23821,1199
Kolkata,400074,Female,20-40,55390,873
Chennai,410067,Female,60-80,97082,1658
Nagpur,410067,Male,20-40,23633,1070
Pune,400074,Female,20-40,89139,722
Chennai,410038,Female,60-80,31646,1456
Mumbai,400065,Female,60-80,98743,255
Pune,410054,Male,40-60,78828,878
Bangalore,53000,Female,20-40,22989,1070
Pune,400074,Female,40-60,61713,842
Kolkata,53000,Male,20-40,42238,1357
